0,оставаться собой и как следовать за своими мечтами
1,открытый дом
2,адресуют не только другу
3,в команде Первого канала
4,у Павсания
5,прямо на земле
6,Олега Ефремова
7,в ванну со льдом
8,свинью и дракона
9,из Германии
10,коллекцию всех релизов группы
11,церковнославянским
12,первопроходец искусства модерна
13,Петрович
14,век русского одиночества
15,в доме без любви и тепла
16,все телефонные компании
17,долгая продолжительность жизни
18,в счет обязательств завода
19,100 тыс. долларов
20,с гусарами и лейб-казаками
21,«чёрной Леди Гагой»
22,Святой Женевьевы и Святого Марселя
23,сын Виллем-Александр
24,Юрий Хржановский
25,"с салом, капуста, мангольд"
26,дзюдо и айкидо
27,сукно ярко-красного цвета или тёмно-синего цвета
28,происхождение из-под Белой Церкви Киевской губернии
29,оно непроизносимо на Земле
30,сильный всяк труд дел человеческих в полех
31,"""The Fault of Angels"""
32,15 ящиков с коллекцией
33,сохранить место в Премьер-лиге
34,с историей ваганьковских погребений
35,от двери к двери
36,с ума
37,с невидимым противником
38,записывает свой сольный альбом
39,чтобы приобрести имение в Италии
40,И.\xa0М.\xa0Гилилов
41,"Двое молодых актёров, Генри Кондел и Джон Хемингс"
42,Бэкон
43,1000 коп денег от усадьбы Люшнево
44,рождественская сказка «Чудо на 34-й улице»
45,"""«Монгол Шуудан»"""
46,Хан Улуса Джучи
47,"около 360,8 миллион долларов США"
48,собирательница материалов об отце
49,«куячные шапки»
50,"символ истины, чести и добродетели, чистого неба и водных просторов"
51,изгнание сына
52,элегическое двустишие из гекзаметра и пентаметра
53,«регрессия» на константу и фиктивную переменную
54,"Осот, осот, осот"
55,"близок хинди, панджаби и гуджарати"
56,"Обама-Протестант христианин, тайный мусульманин"
57,лицемера
58,один из последних фестивалей «социалистического духа»
59,на Малую Грузинскую
60,окислы азота
61,этакая „мечта идиота“
62,Россию из того мрака
63,биометрическая фотография владельца документа
64,купец Ермолай Алексеевич Лопахин
65,Эола
66,новая редакция
67,идеологическую реакцию на социальное неравенство
68,"Летальная доза (ЛД, в мг/кг"
69,Каких-либо известных подвидов странствующего голубя
70,«What hath God wrought!»
71,зова Аниты
72,старославянский
73,ситуация с анимацией
74,"I, III, V, XIII, XXV и XXVI"
75,«моровую язву
76,114 сур или 30 джузов
77,деревня Ghandouriyeh
78,ДНК фага лямбда
79,григорианским или юлианским
80,развитие и формирование личности главного героя
81,бросил мяч
82,автобиографичен
83,репрессировано
84,швейцарский профессор Людвиг фон Муральт
85,Афина Паллада
86,6 птенцов
87,советский литературовед Д. М. Урнов
88,охотники-одиночки
89,из Белграда
90,благодаря противоборству магии и технологии
91,28 февраля Молотов
92,Оформление станции
93,Пааскунта
94,«Клуб весёлых и находчивых»
95,она была пятым ребёнком из семи
96,Она была дочерью либо Руаири мак Рональда
97,территориальные койне
98,начало XV века
99,110—120 градусам
